06-09-2020,Different COVID Landscape Increases Risk Of Post-Labor Day Weekend Spike... {{URL}} via {@YouTube@} #RachelMaddow,1.30254E+18,0,0,0,0,0,0,1,1,0,0,0,0,1,0,0,0,0,0,0,film_tv_&_video,fitness_&_health,news_&_social_concern
06-09-2020,#ExtendTeqip3  Govt. must notice that last year almost 10 lakh std. Appeared for JEE mains but this year only 8 lakh ....craze for Engg.  is going away and that is bcz of our govt. Plzzzz listen to the voice of Engineers.... {@PMO India@} {@Dr Ramesh Pokhriyal Nishank@} {@Nitish Kumar@} {{USERNAME}},1.30257E+18,0,0,0,0,0,0,0,0,0,0,1,0,0,0,0,1,0,0,1,learning_&_educational,science_&_technology,youth_&_student_life
13-09-2020,Re my earlier tweet: if {@jack@} would ever allow an EDIT button I should have clarified the dots are showing AQI---Air Quality Index--and the source is Purple Air: {{URL}},1.30496E+18,0,1,0,0,0,0,0,0,0,0,0,0,1,1,0,0,0,0,0,business_&_entrepreneurs,news_&_social_concern,other_hobbies
14-09-2020,The Cowboys may have lost last night...   But the {@Dallas Stars@} are still one win away from the STANLEY CUP FINAL! #GoStars,1.3055E+18,0,0,0,0,0,0,0,0,0,0,0,0,0,0,0,0,1,0,0,sports,,
18-09-2020,The Stanley Cup Final is set! Here are reasons for hope and concern for the {@Dallas Stars@} and {@Tampa Bay Lightning@} . #NHL {{URL}},1.3068E+18,0,0,0,0,0,0,0,0,0,0,0,0,0,0,0,0,1,0,0,sports,,
20-09-2020,Please check out my new video - How to Draw an Owl  - cute cartoon sketch {{URL}} via {@YouTube@} #owl #sketch #drawing #cartoon #popart #elearning #remotelearning #color #pencilsketch #brown #red #tutorial #learn #bird #cute #easy,1.30756E+18,1,0,0,0,0,0,0,0,0,0,0,0,0,0,0,0,0,0,0,arts_&_culture,,
20-09-2020,Re-watch all goals and opinions from our win over {{USERNAME}} now using the link below: {{URL}} #FSAPRO #FSAFamily #WeAReTheFoxes {{USERNAME}} {{USERNAME}},1.30768E+18,0,0,0,0,0,0,0,0,0,0,0,0,0,0,0,0,1,0,0,sports,,
20-09-2020,Nelson #Semedo to Wolves is ‘here we go’ and confirmed. The deal is done and will be signed on next few hours also with Barcelona. Personal terms agreed with Mendes until 2025. Medicals on next week.  #Wolves  [ {@Fabrizio Romano@} ] #barca #fcb #transfers,1.30768E+18,0,0,0,0,0,0,0,0,0,0,0,0,0,0,0,0,1,0,0,sports,,
27-09-2020,"*****Goal Flash*****  Grange take the league at the Rec, Rovers find themselves 1-0 down. Was it a {{USERNAME}} backpass?   #UTR",1.31015E+18,0,0,0,0,0,0,0,0,0,0,0,0,0,0,0,0,1,0,0,sports,,
27-09-2020,#KCAMexico #ONBTS #ARMY ( {@BTS_twt@} )  so watch me bring the fire and set the  night alight,1.31015E+18,0,0,0,0,0,0,0,0,0,0,0,0,1,0,0,0,0,0,0,news_&_social_concern,,
27-09-2020,"#BleacherTweets Hey Buster, is it a lock to call the {@New York Yankees@} Right Side of the Infield the best in baseball for the 2020 season?       New York’s second baseman is the AL (maybe MLB) batting champion, and their first baseman is gonna finish the year as the League leader in HRs.",1.31018E+18,0,0,0,0,0,0,0,0,0,1,0,0,0,0,0,0,1,0,0,gaming,sports,
27-09-2020,Hi {{USERNAME}} I’m trying to call for curbside pickup but no one is picking up the phone!,1.31031E+18,0,0,0,1,0,0,0,0,0,0,0,0,0,1,0,0,0,0,0,diaries_&_daily_life,other_hobbies,
01-10-2020,so watch me bring the fire and set the night light. I Voted #Dynamite for #TheSong Category at #PCAs 2020 {@BTS_twt@},1.31182E+18,0,0,0,0,0,0,1,0,0,0,0,1,0,0,0,0,0,0,0,film_tv_&_video,music,
04-10-2020,"Please answer all this mess, hey don t just shut up and pretend you don t know anything. When chaos started on your side.   #SM_AnswerEXOLsNOW {@SMTOWN@} {@EXO@} #EXO #엑소",1.31257E+18,0,0,1,0,0,0,0,0,0,0,0,1,0,0,0,0,0,0,0,celebrity_&_pop_culture,music,
04-10-2020,Support #CanadianMusic and enjoy The Power Of Rock N Roll by {{USERNAME}} on {{USERNAME}} at {{URL}} Thank you #Canadian Artists,1.3126E+18,0,0,0,0,0,0,0,0,0,0,0,1,0,0,0,0,0,0,0,music,,
04-10-2020,"Cause ah, ah, I m in the stars tonight I vote for #Dynamite under #TheMusicVideo category at #PCAs 2020 {@BTS_twt@} ",1.31266E+18,0,0,0,0,0,0,1,0,0,0,0,1,0,0,0,0,0,0,0,film_tv_&_video,music,
04-10-2020,we do not have the power or capability to verify the accuracy of the information entities send to us. We accept all information that delivered to us in good faith and place it on the public record.  - {@Companies House@} amazing work by {@Kieran Cunningham@} #boxing {{URL}},1.31281E+18,0,0,0,0,0,0,0,0,0,0,0,0,1,0,0,0,1,0,0,news_&_social_concern,sports,
04-10-2020,3. Points. At. Half.  3. Points.  3.   But Mitch was the problem.   Love you {@Mitchell Trubisky@},1.31287E+18,0,0,0,0,0,0,0,0,0,0,0,0,0,0,0,0,1,0,0,sports,,
06-10-2020,hi {{USERNAME}} {@Z100 Portland@} !! could you please play #wonder by shawn mendes? thankss,1.3136E+18,0,0,1,0,0,0,0,0,0,0,0,1,0,0,0,0,0,0,0,celebrity_&_pop_culture,music,
10-10-2020,"#ReformPoliceNG {@Nigeria Police Force@} not #EndSARS the entire {@Nigeria Police Force@} is the problem not only the SARS operatives,i remember sometime in 2017,it was the {@UEFA Champions League@} season,around 10.30-11.00pm,myself and two of my friends watched the game a street opposite my street,on our way back,",1.3148E+18,0,0,0,0,0,0,0,0,0,0,0,0,1,0,0,0,1,0,0,news_&_social_concern,sports,
10-10-2020,Anybody else still listen to the cookout by {@Chevy Woods@} like 10 years later ? Just me ?,1.31508E+18,0,0,1,0,0,0,1,0,0,0,0,0,0,0,0,0,0,0,0,celebrity_&_pop_culture,film_tv_&_video,
11-10-2020,I’m so proud of you {@Meek Mill@} . Good job with Charm City Kings.,1.3152E+18,0,0,1,0,0,0,1,0,0,0,0,0,0,0,0,0,0,0,0,celebrity_&_pop_culture,film_tv_&_video,
11-10-2020,i love you so much my heart is so so full right now {@BTS_twt@},1.31523E+18,0,0,1,0,0,0,0,0,0,0,0,1,0,0,0,0,0,0,0,celebrity_&_pop_culture,music,
11-10-2020,Check out all the fun with this highlights video of the event yesterday!! {@Wizard101@} : Halloween Event 2020: Knight of the Shining Mountain {{URL}} via {@YouTube@} {{USERNAME}} {{USERNAME}} {{USERNAME}},1.31541E+18,0,0,0,0,0,0,1,0,0,0,0,0,0,0,0,0,0,0,0,film_tv_&_video,,
18-10-2020,Main event over before 9. Still time for college football and Top Rank. {@UFC@} keep the early cards coming.,1.31764E+18,0,0,0,0,0,0,0,0,0,0,0,0,0,0,0,0,1,0,0,sports,,
18-10-2020,"#NP {{USERNAME}} {@Classified@} finds the fight deep inside himself, {@Kosha Dillz or Rami Matan@} wakes up for the cartoons, {@Akala@} takes a far more serious tone, {{USERNAME}} leave {@Rap Game Hans Zimmer@} at the entrance, then {{USERNAME}} rocks out our final selection of the night",1.3177E+18,0,0,0,0,0,0,1,0,0,0,0,1,0,0,0,0,0,0,0,film_tv_&_video,music,
18-10-2020,"Randy Arozarena was named ALCS MVP after hitting seven postseason home runs, four against the Astros. {@Tampa Bay Rays@} will be headed to Arlington for the World Series.",1.31779E+18,0,0,0,0,0,0,0,0,0,0,0,0,0,0,0,0,1,0,0,sports,,
25-10-2020,The Squad Calls for UN Inquiry Into Alleged Human Rights Abuses at Trump’s DHS {{URL}} via {{USERNAME}},1.32021E+18,0,0,0,0,0,0,1,0,0,0,0,0,1,0,0,0,0,0,0,film_tv_&_video,news_&_social_concern,
25-10-2020,Perfect World  is a song performed by Huey Lewis and the News and released as the first single from the album Small World in late June 1988. The single peaked at number three on the US Billboard Hot 100 and #48 on the UK Singles Chart. {@Huey Lewis@} {{URL}},1.32045E+18,0,0,0,0,0,0,0,0,0,0,0,1,1,0,0,0,0,0,0,music,news_&_social_concern,
25-10-2020,MKBHD... the GOAT of tech reviews! Check out my classroom on {@DonorsChoose@} ! I d love your help to bring my project to life: {{URL}},1.32045E+18,0,0,0,0,0,0,0,0,0,0,1,0,0,0,0,1,0,0,0,learning_&_educational,science_&_technology,
26-10-2020,"Randy Arozarena has been monster for the Rays so far this series.   Who tumbled better, Daniel Jones or Randy Arozarena? | Touchdown Wire via {@Touchdown Wire@} {{URL}} ",1.32055E+18,0,0,0,0,0,0,0,0,0,0,0,0,0,0,0,0,1,0,0,sports,,
26-10-2020,"Feel good story of the day. Cardi B Freaks Out: ‘Trump Supporters Are Everywhere,‘ Swarming L.A. with ‘Big A** Trucks‘ {{URL}} via {@Breitbart News@} ",1.32088E+18,0,0,1,0,0,0,0,0,0,0,0,0,1,0,0,0,0,0,0,celebrity_&_pop_culture,news_&_social_concern,
01-11-2020,Stay safe & prepared  MAMAʼs Fan Choice Awards  #MAMAVOTE #blackpink {@BLACKPINKOFFICIAL@},1.32281E+18,0,0,1,0,0,0,0,0,0,0,0,0,1,0,0,0,0,0,0,celebrity_&_pop_culture,news_&_social_concern,
03-11-2020,The latest The Dead Zone Detector™! {{URL}} Thanks to {{USERNAME}} {{USERNAME}} #technology #agile,1.32369E+18,0,0,0,0,0,0,0,0,0,0,0,0,0,0,0,1,0,0,0,science_&_technology,,
04-11-2020,"Sir its not my duty to leave my work, go to court and fight for #CryptoKoLegalKaro , case is on 5th November so please {@Imran Khan@} have a look at this {{URL}} ",1.3238E+18,0,1,0,0,0,0,0,0,0,0,0,0,1,0,0,0,0,0,0,business_&_entrepreneurs,news_&_social_concern,
05-11-2020,Trump Supporters & Protesters Outside Philadelphia Vote Counting—Jordan ... {{URL}} via {@YouTube@} #Philadelphia #electionprotest #ElectionResults2020,1.32447E+18,0,0,0,0,0,0,0,0,0,0,0,0,1,1,0,0,0,0,0,news_&_social_concern,other_hobbies,
06-11-2020,Trump Supporters Claim FRAUD in Philadelphia (But Can t Cite Any) {{URL}} via {@YouTube@} {{USERNAME}} Guy in the beanie is spot on.,1.32459E+18,0,0,0,0,0,0,0,0,0,0,0,0,1,1,0,0,0,0,0,news_&_social_concern,other_hobbies,
06-11-2020,"sunoo many people loves you, we hope that you d take care, eat your meals properly, and having plenty of rest  so please cheer up {@ENHYPEN@} ",1.32468E+18,0,0,1,0,0,0,0,1,0,0,0,0,0,0,0,0,0,0,0,celebrity_&_pop_culture,fitness_&_health,
15-11-2020,Public Enemy - Fight The Power (Official Music Video) {{URL}} {@YouTube@} より,1.32779E+18,0,0,1,0,0,0,1,0,0,0,0,1,0,0,0,0,0,0,0,celebrity_&_pop_culture,film_tv_&_video,music
15-11-2020,Tiger Woods goes backward after  long days  at the Masters {{URL}} via {@New York Post Sports@},1.32803E+18,0,0,0,0,0,0,0,0,0,0,0,0,0,0,0,0,1,0,0,sports,,
15-11-2020,"Kennedy to Parker... the Swans need a goal. The Giants know they’re in trouble, it’s like being in the bathtub with the Loch Ness monster! He kicks it to the centre square... well,  Jacobs went into that pack optimistically and came out misty optically, {{USERNAME}} !",1.32803E+18,0,0,0,0,0,0,0,0,0,0,0,0,0,0,0,0,1,0,0,sports,,
15-11-2020,"Hopefully, since the Birds are coming off a bye this week, they ll be able to secure a win for us against the Giants today. Fly, {@Philadelphia Eagles@} Fly  {{URL}} ",1.32803E+18,0,0,0,0,0,0,0,0,0,0,0,0,0,0,0,0,1,0,0,sports,,
22-11-2020,Ten k is wavingggg  MORISSETTE NEW MUSIC {{USERNAME}} LYS TEASER RELEASE,1.33048E+18,0,0,0,0,0,0,0,0,0,0,0,1,0,0,0,0,0,0,0,music,,
22-11-2020,Lucky number etneb HAHHA  MORISSETTE NEW MUSIC {{USERNAME}} LYS TEASER RELEASE,1.33051E+18,0,0,0,0,0,0,0,0,0,0,0,1,0,0,0,0,0,0,0,music,,
22-11-2020,Pre-save our new single  Right In A Moment  on Spotify: {{URL}} (powered by {@DistroKid@} ) #Right #In #A #Moment #McDanielBrothers,1.3306E+18,0,0,0,0,0,0,0,0,0,0,0,1,0,0,0,0,0,0,0,music,,
24-11-2020,Boy this a hunnid million dolla phone    Thank you to {{USERNAME}} {@ACL Live@} for the turn up!!!  : {{USERNAME}} Make sure to go stream our new song  Nice  available everywhere!  Music video drops Thursday  {{URL}},1.3313E+18,0,0,0,0,0,0,0,0,0,0,0,1,0,0,0,0,0,0,0,music,,
29-11-2020,played breath in the car this morning and my mom was like  yan ba yung magandang video?  YES MUMMY THE ✨TASTE✨  she really loves the music video hahaha {@GOT7@} #got7 #갓세븐,1.33295E+18,0,0,0,0,0,0,0,0,0,0,0,1,0,0,0,0,0,0,0,music,,
29-11-2020,I hope the Chiefs return to the Super Bowl and play Tom Brady and the Bucs because there is not a defender on that team that can stop {@Ty Hill@} . Then you gunna double him and {@Patrick Mahomes II@} lights you on  this is the best offense ever.,1.33317E+18,0,0,0,0,0,0,0,0,0,0,0,0,0,0,0,0,1,0,0,sports,,
06-12-2020,Selena is number one ☝️ on Netflix hell ya {@Netflix@} {{USERNAME}},1.33543E+18,0,0,0,0,0,0,1,0,0,0,0,0,0,0,0,0,0,0,0,film_tv_&_video,,
06-12-2020,"BREAKING NEWS! Safaricom share price is up by 28.8% since Peter Ndegwa became CEO on the 1st of April,2020 {{USERNAME}} {@Aly Khan Satchu@} {{USERNAME}} {{USERNAME}} {{USERNAME}} {{USERNAME}} {@Safaricom Care@} {@Nation Africa@} ",1.33548E+18,0,1,0,0,0,0,0,0,0,0,0,0,1,0,0,0,0,0,0,business_&_entrepreneurs,news_&_social_concern,
06-12-2020,Christmas Coffee Shop Music - Starbucks Christmas Music - Christmas Jazz... {{URL}} via {@YouTube@} #ChristmasMusic #ChistmasJazz #jazzmusic,1.33552E+18,0,0,0,0,0,0,0,0,1,0,0,1,0,0,0,0,0,0,0,food_&_dining,music,
06-12-2020,"FINAL:   NAU 69 - EWU 55  Lumberjacks go to 3-1 on the season and get the weekend sweep.   Big days for {{USERNAME}} & {{USERNAME}} .   Nakai finished with 21, which included 4 3-pointers.   Schenck comes just shy of a triple-double with 13 points, 9 boards and 7 assists.",1.3357E+18,0,0,0,0,0,0,0,0,0,0,0,0,0,0,0,0,1,0,0,sports,,
13-12-2020,CAMPEONES de la MLS CUP 2020! Columbus Crew SC  Major League Soccer {@Major League Soccer@} #mls25 #MLSCup  #elzoldeportes {{URL}},1.33818E+18,0,0,0,0,0,0,0,0,0,0,0,0,0,0,0,0,1,0,0,sports,,
13-12-2020,The Naya Rivera Arrested After Allegedly Striking Husband In The Head & Bottom Lip Daily est en ligne! {{URL}} Merci à {{USERNAME}} {{USERNAME}} #tv #video,1.33818E+18,0,0,1,0,0,0,0,0,0,0,0,0,1,0,0,0,0,0,0,celebrity_&_pop_culture,news_&_social_concern,
13-12-2020,The Act of 1871 - The 2 Constitutions - Corporate America {{URL}} via {@YouTube@} cc {{USERNAME}} {{USERNAME}},1.33827E+18,0,1,0,0,0,0,0,0,0,0,1,0,1,0,0,0,0,0,0,business_&_entrepreneurs,learning_&_educational,news_&_social_concern
13-12-2020,The {@Big Ten Conference@} likes to make life as easy as possible for Ohio State in all sports. What a total farce,1.33827E+18,0,0,0,0,0,0,0,0,0,0,0,0,0,0,0,0,1,0,0,sports,,
14-12-2020,Breaking down the arguments for and against Ohio State s College Football Playoff resume with {{USERNAME}} .  Plus a look at how the Buckeyes  plans for Saturday afternoon suddenly changed at the last minute over the weekend. {{URL}},1.33848E+18,0,0,0,0,0,0,0,0,0,0,0,0,0,0,0,0,1,0,0,sports,,
14-12-2020,Lots to talk about after Michigan’s big shutout in The Game against Ohio State. I’m hopping on {@The Michigan Insider@} in a couple of minutes to talk about all things Michigan. Tune in.,1.33848E+18,0,0,0,0,0,0,0,0,0,0,0,0,0,0,0,0,1,0,0,sports,,
14-12-2020,"Late as always, but here is {{USERNAME}}  s and my take on the Ravens win over the Cowboys, the matchup with the Browns, and I throw shade at...myself? Plus a look at the AFC playoff picture. That and more on The Football Frenzy! {{URL}} ",1.3386E+18,0,0,0,0,0,0,0,0,0,0,0,0,0,0,0,0,1,0,0,sports,,
15-12-2020,Stephen Jones saying the ship will be righted quickly for the cowboys. HUH? {{USERNAME}} hasn t the ship been sinking for years save the temporary cork used a couple of yrs ago losing to GB in playoffs,1.33872E+18,0,0,0,0,0,0,0,0,0,0,0,0,0,0,0,0,1,0,0,sports,,
16-12-2020,.. {@LSU Football@} up to number three nationally ... behind Alabama and Ohio State ... and ahead of Georgia .. in the 24/7 rankings #WGNOtv,1.33933E+18,0,0,0,0,0,0,0,0,0,0,0,0,0,0,0,0,1,0,0,sports,,
17-12-2020,Shorthanded Ohio State suffers first loss of season in Big Ten opener at Purdue {@Adam Jardy@} {{URL}},1.33954E+18,0,0,0,0,0,0,0,0,0,0,0,0,0,0,0,0,1,0,0,sports,,
17-12-2020,"College football fans:  If Bama beats UF, ND Beats Clemson and Ohio State wins, who is your final team in the playoff? {{USERNAME}} #CollegeFootball #CFBPlayoff",1.33972E+18,0,0,0,0,0,0,0,0,0,0,0,0,0,0,0,0,1,0,0,sports,,
19-12-2020,Three QB turnovers in the second half.  Can t win football games against Akron or Ohio State when that happens. {@Northwestern Football@},1.34039E+18,0,0,0,0,0,0,0,0,0,0,0,0,0,0,0,0,1,0,0,sports,,
20-12-2020,"ICYMI  Thank you again to {@Red Bull Canada@} for inviting me to this amazing event! Also BIGUPS to {{USERNAME}} for the interview, looking forward working together more in the new year!  #RedBullAdrenaLAN {@Red Bull Gaming@} {{URL}} ",1.34048E+18,0,0,0,0,0,0,0,0,0,1,0,0,0,0,0,0,0,0,0,gaming,,
20-12-2020,"Maybe {@NCAA Football@} should just start the season with the final 4 of Alabama, Clemson, Ohio State and Oklahoma. It s that predictable (and quite boring YoY). I ll stick with the excitement of {@NCAA March Madness@} .",1.34048E+18,0,0,0,0,0,0,0,0,0,0,0,0,0,0,0,0,1,0,0,sports,,
20-12-2020,"Also, with all my Disney-mega-franchise concerns, I feel the need to clarify: {@The Mandalorian@} is the greatest Star Wars anything that has ever been created.",1.34057E+18,0,0,0,0,0,0,1,0,0,0,0,0,0,0,0,0,0,0,0,film_tv_&_video,,
20-12-2020,I’m not sure if I ever want to hear Aqib Talib commentate ever again or ever see him commentate again. That suit is as bold as his commentating... {@FOX Sports NFL@} {@Philadelphia Eagles@} #FlyEaglesFly,1.34081E+18,0,0,0,0,0,0,0,0,0,0,0,0,0,0,0,0,1,0,0,sports,,
27-12-2020,I wonder how Brian has enjoyed his last couple of nights in the box with these muppets #BBL10 {@7Cricket@} He s earned his,1.34316E+18,0,0,0,0,0,0,0,0,0,0,0,0,0,0,0,0,1,0,0,sports,,
27-12-2020,Bitterly disappointed in {@Match of the Day@} 2 showing supposedly the best chips in the premierleague but not showing the greatest chip in premierleague history in Albert’s against Man U in the 5-0... {@Mark Chapman@} #nufc,1.34334E+18,0,0,0,0,0,0,0,0,0,0,0,0,0,0,0,0,1,0,0,sports,,
31-12-2020,“Happy New York!” {@PJ@} New Years Eve 2020,1.3447E+18,0,0,0,1,0,0,0,0,0,0,0,0,1,0,0,0,0,0,0,diaries_&_daily_life,news_&_social_concern,
01-01-2021,Happy new year everyone! We made it through 2020. Here’s a podcast with {{USERNAME}} & {{USERNAME}} talking about some of the stuff we did in it. Hopefully in 2021 we can get back to working together in the same room. Lots to look forward to!,1.34498E+18,0,0,0,0,0,0,1,0,0,0,0,0,1,0,0,0,0,0,0,film_tv_&_video,news_&_social_concern,
03-01-2021,#NoProphetAfterMuhammad  Tell him this and bid him to be brave at heart.  Muhammad PBUH is the BEST {{USERNAME}} {{USERNAME}},1.34579E+18,1,0,0,0,0,0,0,0,0,0,0,0,0,1,0,0,0,0,0,arts_&_culture,other_hobbies,
03-01-2021,Check out 2019 Donruss TAYSOM HILL Gold Press Proof 01/50 First One 1/1 SAINTS  {{URL}} {{USERNAME}},1.34585E+18,0,0,0,0,0,0,0,0,0,0,0,0,0,0,0,0,1,0,0,sports,,
04-01-2021,"Very sad to hear the bad news about Donal O Donoghue dying of Covid on 3rd Jan 2021. He was a good egg, and we shall all miss him. {{USERNAME}} ",1.34603E+18,0,0,1,0,0,0,0,0,0,0,0,0,1,0,0,0,0,0,0,celebrity_&_pop_culture,news_&_social_concern,
06-01-2021,Call Of The Coastal Wolves - British Columbia sea wolf mini-documentary {{URL}} via {@YouTube@} Great viewing to take your mind off of the bad for awhile.,1.34685E+18,0,0,0,0,0,0,1,0,0,0,0,0,0,0,0,0,0,0,0,film_tv_&_video,,
10-01-2021,The #NFL playoffs early look #Betting play from our {{USERNAME}} Time to make that $$$!! #Football #bettingtip {{URL}},1.34809E+18,0,0,0,0,0,0,0,0,0,0,0,0,0,0,0,0,1,0,0,sports,,
11-01-2021,Drivers license by {@Olivia Rodrigo@} literally gave me goose bumps! So good,1.34851E+18,0,0,1,0,0,0,0,0,0,0,0,1,0,0,0,0,0,0,0,celebrity_&_pop_culture,music,
11-01-2021,drivers license by {@Olivia Rodrigo@} is so emotional. I literally felt everything. that’s so special and you can really say that she created an emotional masterpiece.,1.34872E+18,0,0,1,0,0,0,1,0,0,0,0,1,0,0,0,0,0,0,0,celebrity_&_pop_culture,film_tv_&_video,music
12-01-2021,Olivia Rodrigo - drivers license (Official Video) {{URL}} via {@YouTube@} this is sad,1.34881E+18,0,0,1,0,0,0,1,0,0,0,0,1,0,0,0,0,0,0,0,celebrity_&_pop_culture,film_tv_&_video,music
17-01-2021,Ha {{USERNAME}} saying they haven’t seen Michelle on camera. Is that due to the wind factor too??,1.35065E+18,0,0,1,0,0,0,0,0,0,0,0,0,0,1,0,0,0,0,0,celebrity_&_pop_culture,other_hobbies,
20-01-2021," The first half gets to Diana s emotional core, while the second half is a lot of fun.  #comics #NCBD #WonderWoman By {@Becky CloOOoOoOonan@} {{USERNAME}} {{USERNAME}} {@LL McKinney on hiatus@} & more! Read {{USERNAME}}  s #FutureState Immortal Wonder Woman #1 #review: {{URL}} ",1.35189E+18,0,0,0,0,0,0,1,0,0,0,0,0,1,1,0,0,0,0,0,film_tv_&_video,news_&_social_concern,other_hobbies
20-01-2021,"I don t do politics, but imagine pardoning Lil Wayne but not {@Edward Snowden@} / Assange ‍♂️",1.35192E+18,0,0,1,0,0,0,0,0,0,0,0,1,1,0,0,0,0,0,0,celebrity_&_pop_culture,music,news_&_social_concern
22-01-2021,"Gulf morning I still like you, like the wind walked eight thousand miles, do not ask the return date. #GulfKanawut {@gulfkanawut@} #ลูกบอลของคุณบิ๊กกลัฟ  #PhiBalls",1.35243E+18,0,0,0,1,0,0,0,0,0,0,0,0,1,0,0,0,0,0,0,diaries_&_daily_life,news_&_social_concern,
22-01-2021,HT: {@Willem II@} 1-0 {@PEC Zwolle@} The Blauwvingers find themselves a goal behind at the break in Tilburg. Willem  goalscorer Wriedt was sent off just before the interval.  We need to come out positive in the second half and take the game by the neck. Attack!!!  #wilpec #peczwolle,1.35271E+18,0,0,0,0,0,0,0,0,0,0,0,0,1,0,0,0,1,0,0,news_&_social_concern,sports,
24-01-2021,once COVID is over  is starting to sound a lot like  when {@Rihanna@} releases new music,1.35319E+18,0,0,0,0,0,0,0,1,0,0,0,1,1,0,0,0,0,0,0,fitness_&_health,music,news_&_social_concern
24-01-2021,New Music: Cathal Coughlan - Song of Co-Aklan {{URL}} via {@YouTube@} #cathalcoughlan,1.35322E+18,0,0,0,0,0,0,0,0,0,0,0,1,0,0,0,0,0,0,0,music,,
24-01-2021,"So {@Emily Sweeney@} still has the fastest run of the second heat, but Tatyana Ivanova s first run lead is enough to put her in the leader s box.  No worse than 16th for Sweeney, she just needs one more sled to have a little bit of a problem to move into the Sprint World Cup race.",1.35328E+18,0,0,0,0,0,0,0,0,0,0,0,0,0,0,0,0,1,0,0,sports,,
24-01-2021,"I know it s a busy time but can we get a doctor & psychiatrist to see {@Robert Peston@} ?   Does he have private insurance so he doesn t have to bother the NHS?  How does someone so thick, who fails so often, get such a significant job?  Would he have got the job if he was a Brummie?",1.35337E+18,0,0,1,0,0,0,0,1,0,0,0,0,1,0,0,0,0,0,0,celebrity_&_pop_culture,fitness_&_health,news_&_social_concern
25-01-2021,"Two types of People : one with the Experience and the second one with Results , which one you are !  Watch my video response on it exclusively only on {@DTube@} , I hope you will gonna love to hear my opinions on it  . #dtube  , #hive  . {{URL}} ",1.35367E+18,0,0,0,1,0,0,0,0,0,0,0,0,0,0,0,0,0,0,0,diaries_&_daily_life,,
26-01-2021,"The main event of yesterday s NJPW show was really good, I thought. So excited for Tanahashi vs Shingo on Saturday! #njnbg {@Kevin Kelly@} does such a great job as always in making you care about every current story. It s so good, thank you! ",1.3541E+18,0,0,0,0,0,0,0,0,0,0,0,0,0,0,0,0,1,0,0,sports,,
26-01-2021,Gareth Bale looked unbelievably sharp the other night...   Rob Daly on whether the Welshman can impact matters in the second half of the season at Spurs ⚪️ {@Paddy Power@} {{URL}},1.35418E+18,0,0,0,0,0,0,0,0,0,0,0,0,0,0,0,0,1,0,0,sports,,
27-01-2021,Honestly {@Jacksonville Jaguars@} could trade picks #1 and #33 and a player for {@Deshaun Watson@} . A mega-trade like that would be GENIUS for both teams. {@Houston Texans@} get Trevor Lawrence to go with their new HC (probably Eric Bienemy) and {@Jacksonville Jaguars@} get the second or third best QB in the league,1.35446E+18,0,0,0,0,0,0,0,0,0,0,0,0,0,0,0,0,1,0,0,sports,,
31-01-2021,Another proof that BGYO will be the next big thing in music! {@BGYOPH@} {@ASAP Natin To@} BGYO THE LIGHT ON ASAP,1.35575E+18,0,0,0,0,0,0,0,0,0,0,0,1,0,0,0,0,0,0,0,music,,
07-02-2021,The sun is somewhere shining even when it rains. DESERVING WINNER RUBINA {{USERNAME}},1.35829E+18,0,0,1,0,0,0,0,0,0,0,0,0,0,0,0,0,0,0,0,celebrity_&_pop_culture,,
07-02-2021,"Check out The Sound of Music (DVD, 2005, 2-Disc Set, 40th Anniversary Edition) - Plummer {{URL}} via {{USERNAME}} ",1.35844E+18,0,0,0,0,0,0,1,0,0,0,0,1,0,0,0,0,0,0,0,film_tv_&_video,music,
07-02-2021,I love the chiefs. Been a fan since the {@Trent Green@} years. {@Patrick Mahomes II@} is the future and that’s no doubt but I’m pulling for {@Tom Brady@} today. It’s just the way it is. Go Bucs,1.35847E+18,0,0,0,0,0,0,0,0,0,0,0,0,0,0,0,0,1,0,0,sports,,
07-02-2021,{{URL}} via {@GIPHY@} Buffalo Chicken Pierogi for the Super Bowl - {{URL}},1.35851E+18,0,0,0,0,0,0,0,0,1,0,0,0,0,0,0,0,1,0,0,food_&_dining,sports,
08-02-2021,Leonard Fournette carves up the Chiefs D to make it 28-9 #EDFsports {{USERNAME}} {{USERNAME}} {{USERNAME}} {{USERNAME}} {{USERNAME}},1.3586E+18,0,0,0,0,0,0,0,0,0,0,0,0,0,0,0,0,1,0,0,sports,,
14-02-2021,Update on winter storm #Uri from {@The Weather Channel@} on Sunday afternoon. {{USERNAME}} {{URL}},1.36104E+18,0,0,0,0,0,0,1,0,0,0,0,0,1,0,0,0,0,0,0,film_tv_&_video,news_&_social_concern,
21-02-2021,The movie Wild Cats staring {@Goldie Hawn@} {@WS@} had the absolute best cheerleader’s!! #themoviewildcats #1986,1.36334E+18,0,0,1,0,0,0,1,0,0,0,0,0,0,0,0,0,0,0,0,celebrity_&_pop_culture,film_tv_&_video,
21-02-2021,"#Drishyam2 Though the first hour seems like a drag, director #JeethuJoseph skilfully connects all the plot points to achieve a satisfying finale. The movie keeps you guessing and that’s what works. {@Mohanlal@} as #Georgekutty steals the show. Rating-3.5/5.",1.36355E+18,0,0,1,0,0,0,1,0,0,0,0,0,0,0,0,0,0,0,0,celebrity_&_pop_culture,film_tv_&_video,
21-02-2021,I said: Pain and sorrow. He said: Stay with it. The wound is the place where the light enters  you.  ~Rumi {{USERNAME}} Lord of Shadows,1.36355E+18,1,0,0,0,0,0,0,0,0,0,0,0,0,0,0,0,0,0,0,arts_&_culture,,
21-02-2021,. {@Penn State Men s Basketball@} is set to take on Iowa in just under 15 minutes as they try to pull off a badly needed upset on the road.   Follow along for updates throughout the game.,1.36361E+18,0,0,0,0,0,0,0,0,0,0,0,0,0,0,0,0,1,0,0,sports,,
28-02-2021,An incredible talent to support this project. This is an interesting project with innovative thought. Happy to be a part of this great project. Good luck to the team and the community with the future. @SwaapCrypto {{URL}},1.36587E+18,0,1,0,0,0,0,0,0,0,0,0,0,1,0,0,0,0,0,0,business_&_entrepreneurs,news_&_social_concern,
28-02-2021,. {@Olakira@} Featuring {@Davido@} “IN MY MASERATI(Remix) Music Video Has Surpassed 17 Million Views On YouTube!❤️ -A Bop,1.36593E+18,0,0,0,0,0,0,1,0,0,0,0,1,0,0,0,0,0,0,0,film_tv_&_video,music,
28-02-2021,"Wait a second, the {@Pittsburgh Penguins@} were allowed to host a limited number of folks to view a special at the arena today, but that same number of folks are NOT allowed to be at a game? What s the difference? I m so confused.",1.36618E+18,0,0,0,0,0,0,0,0,0,0,0,0,0,0,0,0,1,0,0,sports,,
07-03-2021,Congrats {{USERNAME}} — ISHSHA State Champs!!,1.36838E+18,0,0,0,0,0,0,0,0,0,0,0,0,0,0,0,0,1,0,0,sports,,
07-03-2021,"Defending state champs Yavneh Dallas (6-1) have their 24-game win streak snapped as they are denied a 5th straight trip to TAPPS 3A Final Four, falling in 1/4finals to Denton Calvary 53-44 {{USERNAME}} ",1.36841E+18,0,0,0,0,0,0,0,0,0,0,0,0,0,0,0,0,1,0,0,sports,,
07-03-2021,Fear the Walking Dead Mid-Season 6 Finale Trailer {{URL}} #FearTWD #TWD #TWDFamily #AlyciaDebnamCarey #TheWalkingDead {@Garret Dillahunt@} {@JENNA ELFMAN@} {@Alycia Debnam Carey@} {@danaygarcia@} {@Colman Domingo@} #fearthewalkingdead #WalkingDead #scifi #horror #GeekLove #StaySafe,1.36853E+18,0,0,1,0,0,0,1,0,0,0,0,0,0,0,0,0,0,0,0,celebrity_&_pop_culture,film_tv_&_video,
07-03-2021,"#NowPlaying  Luxury Tax  by Rick Ross, Lil Wayne, Jeezy, Trick Daddy on {@TIDAL@} {{URL}} ",1.36862E+18,0,0,1,0,0,0,0,0,0,0,0,1,0,0,0,0,0,0,0,celebrity_&_pop_culture,music,
09-03-2021,The Super Straight Movement Has The Trans Community FURIOUS. {{URL}} via {@YouTube@} #SUPERGAY #supergays {@Blaire White@},1.36938E+18,0,0,0,1,0,0,0,0,0,0,0,0,1,0,0,0,0,0,0,diaries_&_daily_life,news_&_social_concern,
14-03-2021,I m an old ARMY & everytime BTS wins an award i would always cry so grammys do ur job properly so i can cry tears of joy instead sadness early in the morning  #LightItUpBTS #BTSARMY #BTSGrammy {@BTS_twt@},1.37119E+18,0,0,1,0,0,0,0,0,0,0,0,1,0,0,0,0,0,0,0,celebrity_&_pop_culture,music,
16-03-2021,"The NCAA men s Tournament bracket has been out for over 24 days, here is a breakdown of all 68 teams chances of cutting down the nets.(via {@Busting Brackets@} ) {{URL}} ",1.37164E+18,0,0,0,0,0,0,0,0,0,0,0,0,0,0,0,0,1,0,0,sports,,
20-03-2021,"Juwan Howard, who protested the NCAA s profiting off the Fab Five in the 90 s, said he didn t notice {@Isaiah@}  s #NotNCAAProperty shirt Saturday.  But the country sure did.  It may not be the last we hear of injured Isaiah Livers in this NCAA tourney. {{URL}} ",1.37342E+18,0,0,0,0,0,0,0,0,0,0,0,0,0,0,0,0,1,0,0,sports,,
21-03-2021,Nav ( {@Nav@} ) ft The Weeknd ( {@The Weeknd@} ) - Some Way (Clean),1.3736E+18,0,0,0,0,0,0,0,0,0,0,0,1,0,0,0,0,0,0,0,music,,
25-03-2021,Happy new year {{USERNAME}} may the lord be in your favor   Let’s ROCK,1.37514E+18,0,0,1,0,0,0,0,0,0,0,0,0,0,0,0,0,0,0,0,celebrity_&_pop_culture,,
28-03-2021,. {@Al Horford@} must be really proud watching these guys. He s mentored most of them,1.37599E+18,0,0,0,0,0,0,0,0,0,0,0,0,0,0,0,0,1,0,0,sports,,
04-04-2021,SG Local charts of {@BTS_twt@} ‘Film Out’ co-composed by #Jungkook   #1 iTunes Singapore   #1 trending on Youtube  #1 Spotify New Music Friday   #8 Top 50 Spotify Daily  #10 Spotify Hot Hits,1.37856E+18,0,0,0,0,0,0,0,0,0,0,0,1,0,0,0,0,0,0,0,music,,
04-04-2021,"Everyday is Easter when your a {@Taylor Swift@} stan, we spend our lives hunting Easter eggs #Easter #EasterEggHunt",1.37868E+18,0,0,1,0,0,0,0,0,0,0,0,0,0,0,0,0,0,0,0,celebrity_&_pop_culture,,
04-04-2021,[NEW MUSIC] DERYK EVONS – “TROUBLES” | {{USERNAME}} {{URL}},1.37868E+18,0,0,0,0,0,0,0,0,0,0,0,1,0,0,0,0,0,0,0,music,,
04-04-2021,‼️ WE RE CURRENTLY ON THE 2ND PLACE SO PLEASE KEEP ON VOTING ‼️ rt/reply   I vote {@BTS_twt@} for the Top 50 Music Awards 2020 Biggest Fans #Top50BTS,1.37874E+18,0,0,0,0,0,0,0,0,0,0,0,1,1,0,0,0,0,0,0,music,news_&_social_concern,
04-04-2021,"I love how people in kpop a kpop idol or company will litterally copy a black artist, a ACCUSE them of pulling the race card and saying they re a CLOUT CHASER just for callling someone out,  Sis make it make sense, Purrr ~ {{USERNAME}} ",1.37877E+18,0,0,0,0,0,0,0,0,0,0,0,1,1,0,0,0,0,0,0,music,news_&_social_concern,
04-04-2021,"Watch “11am  Easter Service April 4,, 2021” by {{USERNAME}} on #Vimeo {{URL}} ",1.3788E+18,0,0,0,0,0,0,1,0,0,0,0,0,0,1,0,0,0,0,0,film_tv_&_video,other_hobbies,
04-04-2021,There is no reason for {@Spotify@} to have artist radio when you have playlists.  Really doesn t make sense. #Spotify,1.37886E+18,0,0,0,0,0,0,0,0,0,0,0,1,0,0,0,0,0,0,0,music,,
10-04-2021,A successful project depends on how the entire system team works & here the team is very solid & experienced in their field. You can see the future by their vision & hard work. #MocktailFinance #MocktailSwap #MOK #blockchain   #crypto #BNB #cryptocurrencies #fintech {{USERNAME}},1.38085E+18,0,1,0,0,0,0,0,0,0,0,0,0,0,0,0,0,0,0,0,business_&_entrepreneurs,,
11-04-2021,A special team at the {@The Wall Street Journal@} put together this 142 page report to figure out how to drive growth at the newspaper  This is exactly what you d expect when you design by committee {{URL}},1.38136E+18,0,1,0,0,0,0,0,0,0,0,0,0,1,0,0,0,0,0,0,business_&_entrepreneurs,news_&_social_concern,
18-04-2021,New flipped account. please go and give him so love. thank you   His UN is {{USERNAME}},1.38384E+18,0,0,0,1,0,0,0,0,0,0,0,0,1,0,0,0,0,0,0,diaries_&_daily_life,news_&_social_concern,
19-04-2021,"#ICYM: The powers available to minister Sports, Arts and Culture Minister Nathi Mthethwa give him the right to remove recognition of the federation as the authority on #cricket, and to stop providing funding for it #Proteas {{USERNAME}} {{URL}} ",1.38411E+18,0,0,0,0,0,0,0,0,0,0,0,0,1,0,0,0,1,0,0,news_&_social_concern,sports,
25-04-2021,The atmosphere at {{USERNAME}} games is second to none. Nothing better in the {@NAHL@} . They’re also 45-4-0-1; they’re pretty good.,1.38617E+18,0,0,0,0,0,0,0,0,0,1,0,0,0,0,0,0,1,0,0,gaming,sports,
25-04-2021,Big Fight Bob on the hype video?!? {@Robbie Fox@},1.38617E+18,0,0,0,0,0,0,0,0,0,0,0,0,0,0,0,0,1,0,0,sports,,
25-04-2021,"I finished 15th at this year’s American Crossword Puzzle Tournament (tied with {@Rob Tricchinelli@} ), and first in Upstate NY, which I believe makes me King in the North (in this analogy {{USERNAME}} is the King Beyond the Wall). #acpt #ACPT2021",1.38644E+18,0,0,0,0,0,0,0,0,0,1,0,0,0,1,0,0,1,0,0,gaming,other_hobbies,sports
02-05-2021,Hi. Can we get some new music? Hope you’re doing well! {@Kendrick Lamar@},1.38876E+18,0,0,0,0,0,0,0,0,0,0,0,1,0,0,0,0,0,0,0,music,,
02-05-2021,Lmao the sky is getting brighter help!   @RheasRiptide   It’s almost 6,1.38879E+18,0,0,0,1,0,0,0,0,0,0,0,0,0,0,0,0,0,0,0,diaries_&_daily_life,,
02-05-2021,Soulja Boy Tell em - Crank That (Soulja Boy) (Official Music Video) {{URL}} via {@YouTube@} {@Soulja Boy Draco@},1.38888E+18,0,0,0,0,0,0,0,0,0,0,0,1,0,0,0,0,0,0,0,music,,
02-05-2021,The {{USERNAME}} team have done incredibly well to create that season in the Midst of a Global Pandemic so leaving it like that makes sense for AC-12 to climb from the bottom to the top in a final season 7 and put all the bent copper to the sword. #LineofDutyFinale #season7,1.38897E+18,0,0,0,0,0,0,1,0,0,0,0,0,0,0,0,0,0,0,0,film_tv_&_video,,
02-05-2021,Relax (Take It Easy)  music video by {@MIKA@} hits 100 Mln views!!!  ❤ #Mika #Relax #100MlnViews {{URL}},1.38898E+18,0,0,0,0,0,0,0,0,0,0,0,1,0,0,0,0,0,0,0,music,,
09-05-2021,Camels defeat Owensboro Catholic 6-5.  Aydan Hamilton drove in 3 and Logan Stevenson hit the go ahead home run in the bottom of the 6th and threw the final 3 innings to pick up the win. {{USERNAME}},1.39121E+18,0,0,0,0,0,0,0,0,0,0,0,0,0,0,0,0,1,0,0,sports,,
09-05-2021,Happy mother’s day to all incredible mom out there!!!!!  Especially to all My First time Mamshies and To My wonder woman  And also to My bestfriend {{USERNAME}} Hahahahahha love u!!,1.39121E+18,0,0,0,1,1,0,0,0,0,0,0,0,0,0,0,0,0,0,0,diaries_&_daily_life,family,
09-05-2021,Thomas Tuchel:   It will not change too much no matter what the result was [against Man City]. But surely it is not a disadvantage to us to have this experience in such a short time to have the possibility to beat them twice.   [via {@Nizaar Kinsella@} ],1.39151E+18,0,0,0,0,0,0,0,0,0,0,0,0,0,0,0,0,1,0,0,sports,,
16-05-2021,Bloodhound Gang - The Bad Touch {{URL}} #MMM Voor {{USERNAME}},1.39396E+18,0,0,0,0,0,0,0,0,0,0,0,1,0,0,0,0,0,0,0,music,,
16-05-2021,Sean Shelby s Shoes: What s next for Michael Chandler after UFC 262 title-fight loss? {{URL}} via {@MMA Junkie@},1.39407E+18,0,0,0,0,0,0,0,0,0,0,0,0,0,0,0,0,1,0,0,sports,,
23-05-2021,| Hello! This is a new account dedicated to tracking {@Olivia Rodrigo@}  s personal Spotify account.  Follow for daily updates and turn on tweet notifications to be the fastest to see what songs she has listened to and currently listening to!,1.39631E+18,0,0,1,0,0,0,0,0,0,0,0,1,0,0,0,0,0,0,0,celebrity_&_pop_culture,music,
23-05-2021,"Back in 2010, 19 years old me was sitting at a coffeeshop in Irbid, Jordan watching {@Javier Zanetti@} lifting our 18th scudetto. I still remember how I felt that day. 11 years later, I’m the same man carrying the same feelings #ForzaInter #IMScudetto {@Inter@} ",1.39644E+18,0,0,0,1,0,0,0,0,0,0,0,0,0,0,0,0,0,0,0,diaries_&_daily_life,,
23-05-2021,"Fantasy Baseball Week 8 Hitting Planner via {{USERNAME}} The White Sox, Tigers, Mets & Athletics play 7 home games  The Orioles, Rockies, Padres & Cardinals play 7 road games  The Blue Jays play 6 on the road  The Braves, Red Sox & Astros play 5 games {{URL}} ",1.39653E+18,0,0,0,0,0,0,0,0,0,0,0,0,0,0,0,0,1,0,0,sports,,
27-05-2021,#nowplaying the blues by red eye$ hiii via {@Audiomack@} {{URL}},1.39791E+18,0,0,0,0,0,0,0,0,0,0,0,1,0,0,0,0,0,0,0,music,,
29-05-2021,Elon’s Energy Consumption Rants: Is Anyone Paying Attention?  By {{USERNAME}} #Bitcoin Maximalists Beef Against {@Elon Musk@} This☝️tweet put the entire #crypto      market in the red leading to a          tsunami of responses.  Thoughts  in The Comments {{URL}},1.39845E+18,0,1,0,0,0,0,0,0,0,0,0,0,1,0,0,0,0,0,0,business_&_entrepreneurs,news_&_social_concern,
30-05-2021,UEFA Champions League | Manchester City v Chelsea | Highlights. {{URL}} #SSFootball via {@SuperSport@},1.39885E+18,0,0,0,0,0,0,0,0,0,0,0,0,0,0,0,0,1,0,0,sports,,
30-05-2021,Manchester City lost but I saw {@Koe Wetzel@} in South Padre so I won today,1.39891E+18,0,0,0,0,0,0,0,0,0,0,0,0,0,0,0,0,1,0,0,sports,,
30-05-2021,Imagine the Philippines not entering the semis in #MissUniverse  the Internet will literally EXPLODE!  Are you willing to risk it {@Miss Universe@} ? Can you take the heat? ️️ SABOG KAYONG LAHAT!  Kasing tapang niyo ba ang MU 2013 na nilaglag ang host country?!,1.39894E+18,0,0,1,0,0,0,0,0,0,0,0,0,0,0,0,0,0,0,0,celebrity_&_pop_culture,,
30-05-2021,"H.O.L.Y. #highonlovingyou. I ❤ that phrase! So cool! I seriously LOVE love people. On another note, custody...WHO gets the baby & wen. {{USERNAME}} {{USERNAME}} {{USERNAME}} For the  of the Lord will rest on this mountain, & Moab... Isaiah 25:10 ESV {{URL}} ",1.39906E+18,0,0,0,1,0,0,0,0,0,0,0,0,0,1,0,0,0,0,0,diaries_&_daily_life,other_hobbies,
30-05-2021,#FOMO ? Pretty sure this is all you have to do to get blocked by {{USERNAME}} #boycottharveynorman,1.39912E+18,1,0,0,0,0,0,0,0,0,0,0,0,0,1,0,0,0,0,0,arts_&_culture,other_hobbies,
06-06-2021,{{URL}} {{USERNAME}} Clips vs Mavs in Game 7. If LA keeps playing tough defense they should be able to keep Dallas under control. The problem for the Clippers is scoring themselves and they should be aiming for 120.,1.40163E+18,0,0,0,0,0,0,0,0,0,0,0,0,0,0,0,0,1,0,0,sports,,
13-06-2021,The lyrics are so beautiful!! Really really beautiful. And what make them more beautiful is that Mew made them by himself!!    We ignite the light in the summer night  {@mewsuppasit@} #mssSFTS1,1.40405E+18,0,0,0,0,0,0,0,0,0,0,0,1,0,0,0,0,0,0,0,music,,
13-06-2021,Yuta I would like to recommend this song to you. I think you ll like the lyrics    And maybe try to cover too?   #ユウタ #中本悠太 #유타 #YUTA897 {@NCT 127@} {{URL}},1.40407E+18,0,0,0,0,0,0,0,0,0,0,0,1,0,0,0,0,0,0,0,music,,
20-06-2021,"Leo, I d really love to big up my dad you the best dad ever you ve stepped up in my time of need unconditionally.“You don t have to be a dad, to be a dad. To all the fathers and father figures, Happy Father s Day.” #JamaaNiYaJamii {{USERNAME}} {{URL}} ",1.40657E+18,0,0,0,1,1,0,0,0,0,0,0,0,0,0,1,0,0,0,0,diaries_&_daily_life,family,relationships
20-06-2021,"Happy summer solstice—we’re enjoying the extra hours of sunshine today and kicking back with refreshing sips of ZEPHYR.  . . . : {{USERNAME}} @ Brattleboro, Vermont {{URL}} ",1.40676E+18,0,0,0,1,0,0,0,0,1,0,0,0,0,0,0,0,0,0,0,diaries_&_daily_life,food_&_dining,
22-06-2021,Power outage in my area today: 9am-11.30am came for 1 hr 12.30pm-4:30pm 9.30pm-12am And after providing full 40 minutes of power it s gone again 12.40am- unknown Who can ask you for accountability {@KE@} ? Achi badmashi lagai wi hai! Bijli dou nahi aur bill banate rahou,1.40743E+18,0,0,0,1,0,0,0,0,0,0,0,0,1,0,0,0,0,0,0,diaries_&_daily_life,news_&_social_concern,
27-06-2021,Swallows chairman {{USERNAME}} confirms to #SLSiya that two players are leaving the club. {{URL}},1.40909E+18,0,0,0,0,0,0,0,0,0,0,0,0,0,0,0,0,1,0,0,sports,,
27-06-2021,B.MORGAN  Str8 Jacket  Official Music Video (Dirty) {{URL}} {{USERNAME}},1.40912E+18,0,0,0,0,0,0,1,0,0,0,0,1,0,0,0,0,0,0,0,film_tv_&_video,music,
28-06-2021,"Find someone who loves you well. Someone who never belittles you. Even in the heat of an argument. Someone who is gentle with you, but does not treat you like you are fragile.  KARJON STARMAGIC PRESSCON #KarJon {{USERNAME}} {{USERNAME}} ",1.40939E+18,0,0,0,1,0,0,0,0,0,0,0,0,0,0,0,0,0,0,0,diaries_&_daily_life,,
03-07-2021,Ekoh ft. Vin Jay- Villain (Official Music Video) {{URL}} via {@YouTube@} Check out {@EKOH@} new song #vaillain ft. Vin Jay,1.41117E+18,0,0,0,0,0,0,0,0,0,0,0,1,0,0,0,0,0,0,0,music,,
04-07-2021,Updated with Jihoon’s new song recommendation (210705):   >Blessed — Daniel Caesar {@TREASURE@} {{URL}},1.41174E+18,0,0,1,0,0,0,0,0,0,0,0,1,0,0,0,0,0,0,0,celebrity_&_pop_culture,music,
04-07-2021,"#NowPlaying  Comfortable  by Lil Wayne, Babyface on {@TIDAL@} {{URL}} ",1.41181E+18,0,0,1,0,0,0,0,0,0,0,0,1,0,0,0,0,0,0,0,celebrity_&_pop_culture,music,
11-07-2021,. {@BTS_twt@}  Permission To Dance  — 10AM KST  #1 Bugs (=) #1 Genie (=) #2 Flo (=) #5 Melon (+1),1.41404E+18,0,0,0,0,0,0,0,0,0,0,0,1,0,0,0,0,0,0,0,music,,
11-07-2021,"Shout out to the many England fans that have put the hard yards in over the years following England home & away, today is for you   Whilst the county is naturally excited & buzzing for today, its fans like you that deserve it  My man {{USERNAME}} is one of those people  ",1.41413E+18,0,0,0,0,0,0,0,0,0,0,0,0,0,0,0,0,1,0,0,sports,,
11-07-2021,Permission to dance 100M !!!  Good jod ARMY !!!   #PermissiontoDance #PermissonToDance #PermissionToDance100M #BTS #BTSARMY {@BTS_twt@},1.41416E+18,0,0,1,0,0,0,0,0,0,0,0,1,0,0,0,0,0,0,0,celebrity_&_pop_culture,music,
11-07-2021,PERMISSION TO DANCE 100M  #PermissiontoDance100M  #Permissiontodance  #BTS #방탄소년단 {@BTS_twt@},1.41416E+18,0,0,1,0,0,0,0,0,0,0,0,1,0,0,0,0,0,0,0,celebrity_&_pop_culture,music,
11-07-2021,"I m going to say this.....if our {@England@} fans boo #Italy s national anthem, then {@UEFA com@} should straight away disqualify England.....maybe then these idiots will learn how to #Respect others #EURO2020 #EuroFinal #Eng #ItA #ENGITA",1.41419E+18,0,0,0,0,0,0,0,0,0,0,0,0,1,0,0,0,1,0,0,news_&_social_concern,sports,
11-07-2021,LLEGAMOS A LOS 110M!!! VAMOS SOIXJAOIS {@BTS_twt@} #PermissiontoDance  BTS (방탄소년단)  Permission to Dance  Official MV {{URL}},1.41431E+18,0,0,0,0,0,0,0,0,0,0,0,1,1,0,0,0,0,0,0,music,news_&_social_concern,
14-07-2021,"Love Carlo as a player and what he brings as the {@Boston Bruins@} most pure defender. However, you can t ignore the head injuries he s sustained and how many full seasons he ll be able to play of the 6-year deal. Hoping he has a big body protector on the other side.",1.4154E+18,0,0,0,0,0,0,0,0,0,0,0,0,0,0,0,0,1,0,0,sports,,
15-07-2021,"I’ve accepted the Head JV Boys Basketball Coaching position at Penn HS. I’m looking forward to learning from & being mentored by Hall of Fame Coach, Al Rhodes. I’ll be teaching Health/PE in the PHM district. Go Kingsmen! {{USERNAME}} ",1.41576E+18,0,0,0,0,0,0,0,0,0,0,1,0,0,0,0,0,1,0,1,learning_&_educational,sports,youth_&_student_life
18-07-2021,"Wow, ten years since {@player coach@} won the WWE Title from {@John Cena@} in one of the company s greatest matches and leaving with it. Time truly does fly so fast. #WWEMITB",1.41657E+18,0,0,0,0,0,0,0,0,0,0,0,0,0,0,0,0,1,0,0,sports,,
19-07-2021,Searching for tweet from {@Mercedes AMG PETRONAS F1 Team@} about {@Max Verstappen@}  s recovery and wishes...  404 Not Found.  Success going into the head... #Disrespectful,1.41703E+18,0,0,0,0,0,0,0,0,0,0,0,0,0,0,0,0,1,0,0,sports,,
25-07-2021,"Episode 415, powered by {@Blue Microphones@} : The guys and {@Chris Jericho@} analyze “I’m Leaving You” from the 1984 Scorpions album Love at First Sting! #podcast #podcasting #PoweredByBlue {{URL}} ",1.41935E+18,0,0,0,0,0,0,1,0,0,0,0,1,0,0,0,0,0,0,0,film_tv_&_video,music,
25-07-2021,Ay {@SAINt@} you had the best performance today at rolling loud and this new song is firee  I wish you performed Monica Lewinsky though,1.41945E+18,0,0,1,0,0,0,0,0,0,0,0,1,0,0,0,0,0,0,0,celebrity_&_pop_culture,music,
30-07-2021,The amount of “Welcome to the big apple ” tweets sent out by {@SNY@} last night that ended up being completely unrelated to {@New York Mets@} baseball was a gut punch #LGM,1.42108E+18,0,0,0,0,0,0,0,0,0,0,0,0,0,0,0,0,1,0,0,sports,,
01-08-2021,HAUSER and Señorita - The Power Of Love {{URL}} via {@YouTube@} &*Bisous*,1.42198E+18,0,0,0,0,0,0,0,0,0,0,0,1,0,0,0,0,0,0,0,music,,
08-08-2021,Congratulations to {@A ja Wilson@} and {@dawnstaley@} on winning the gold medal over Japan 90-75!#Gold #TeamUSA #ForeverToThee,1.42422E+18,0,0,0,0,0,0,0,0,0,0,0,0,0,0,0,0,1,0,0,sports,,
08-08-2021,Open House Today 12-1:30 19 3rd St Norwood - Come over and see this awesome home! {{URL}} via {{USERNAME}},1.42437E+18,0,0,0,1,0,0,0,0,0,0,0,0,0,0,0,0,0,0,0,diaries_&_daily_life,,
08-08-2021,Breaking: #Colts and LB Darius Leonard agree to a 5 year $99.25M extension to make him the highest paid ILB in the NFL per {@Ian Rapoport@} . The deal pays Leonard $20M per year the first 3 seasons,1.42437E+18,0,0,0,0,0,0,0,0,0,0,0,0,1,0,0,0,1,0,0,news_&_social_concern,sports,
08-08-2021,"SHAMEFUL that Tom Flores has waited this long to be inducted into the {@NFL@} Hall of Fame. He had QUITE a history WAY before coaching and now he can barely enjoy his moment. WHY?? Again, SHAMEFUL. Such a disappointment and disgrace to the so called “standards” the NFL subscribes.",1.42452E+18,0,0,0,0,0,0,0,0,0,0,0,0,1,0,0,0,1,0,0,news_&_social_concern,sports,
15-08-2021,Playin 3v3 GBs Come support the homie {{URL}} {{USERNAME}} {{USERNAME}} {{USERNAME}} {@Abella Danger@},1.42675E+18,0,0,0,0,0,0,0,0,0,1,0,0,0,0,0,0,0,0,0,gaming,,
15-08-2021,NY Yankees defeated Chi White Sox 7-5 in 10 innings Cc {{USERNAME}},1.42675E+18,0,0,0,0,0,0,0,0,0,0,0,0,0,0,0,0,1,0,0,sports,,
15-08-2021,"Crucially, this also means {@Kaizer Chiefs@} will have to wait until 2022 to even try and win a first trophy since 2015, with the league cup(previously Telkom Knockout) still missing this season.",1.42694E+18,0,0,0,0,0,0,0,0,0,0,0,0,0,0,0,0,1,0,0,sports,,
15-08-2021,"Yellow vs Blue, Me vs You - Aila Donovan , Whitney Wright, Ricky Johnson Color schemes collide! {{USERNAME}} and {{USERNAME}} tease and taunt the camera {{USERNAME}} #brazzersِ  ⬇️⬇️CLIC HERE⬇️⬇️ {{URL}} ",1.42696E+18,0,0,0,0,0,0,1,0,0,0,0,0,1,0,0,0,0,0,0,film_tv_&_video,news_&_social_concern,
29-08-2021,Pretty sure {@Channing Tatum@} is the only person that can pull off cowboy boots with a bowler hat,1.4318E+18,0,0,1,0,0,1,0,0,0,0,0,0,0,0,0,0,0,0,0,celebrity_&_pop_culture,fashion_&_style,
29-08-2021,Praying for all my New Orleans and Louisiana Family!!!  {@University of New Orleans@} {@NOLAsTeam@},1.43213E+18,0,0,0,0,1,0,0,0,0,0,0,0,1,0,0,0,0,0,0,family,news_&_social_concern,
